year,day,amount
3,302,5.912378260806521E8
2,60,9.862215041507638E7
2,147,6.174601056303087E8
5,49,7.371032155830323E8
7,57,8.011450710400633E8
8,81,7.835310794931588E8
1,25,9.332911010018561E8
4,139,6.391918434382262E8
1,276,6.679874680098424E8
2,93,7.796052636961774E8